logname,date,random,version,response type, response, tid, mid, merchant_name, ac, success, tableno, random
Pay@Table_log.log,[28-Jan 00:00:06,8,1.0,M,P,28441628,25025222,ONEIWAGAMBLUE,7E583-FC860-2F441-DB323,0,3443,{332##PENDING#1217#{5732##01#1217##ICAgICAgICAgICAgIHdhZ2FtYW1hIHVrIGx0ZCAgICAgICAgICAgICAgIyAgICAgICAgICAgICAgICAgdW5pdCAwMSAgICAgICAgICAgICAgICAgICMgICAgICAgICAgICAgICAgYmx1ZXdhdGVyICAgICAgICAgICAgICAgICAjICAgICAgICAgICAgZ3JlZW5oaXRoZSBkYTkgOXN0ICAgICAgICAgICAgIyAgICAgICAgICAgIHRlbDogMDEzMjIgMzg3IDc3MyAgICAgICAgICAgICMgICAgICAgICB2YXQgcmVnOiBnYiA2ODEgNDQ3NSAxNyAgICAgICAgICAjICAgICAgICAgICAgICAgMTA5IHN3a2FyZW4gICAgICAgICAgICAgICAgIyAgICAgLS0tLS0tLS0tLS0tLS0tLS0tLS0tLS0tLS0tLS0tLS0gICAgICMgICAgICAgMzMyLzEgICBjICAgNTczMiAgICAgICBHc3QgMiAgICAgICAjICAgICAgICAgICAgIEphbjI3JzEyIDA5OjAyUE0gICAgICAgICAgICAgIyAgICAgLS0tLS0tLS0tLS0tLS0tLS0tLS0tLS0tLS0tLS0tLS0gICAgICMgICAgICAgMSBzdXBlciBqdWljZSAgICAgICAgICAwLjAwICAgICAgICAjICAgICAgICAgbHJnIHN1cGVyIGp1aWNlICAgIDQuMzUgICAgICAgICAgIyAgICAgICAxIHBpbm90IGcgMTI1bWwgICAgICAgIDMuNjUgICAgICAgICMgICAgICAgMSBjaGlrIHRlcmkgZG9uYnVyICAgICA4LjgwICAgICAgICAjICAgICAgIDEgeWFraSBzb2JhICAgICAgICAgICAgNy41NSAgICAgICAgIyAgICAgICAgICAgICAgICAgICAgICAgICAgICAgICAgICAgICAgICAgICM=}}]
Pay@Table_log.log,[28-Jan 00:00:51,6,1.0,M,P,24927951,27662144,ONEINTLTHEATRSB,49F13-FBED4-FE430-2A593,0,943,{22##COMPLETED#0#{8083##01#0##}}]
Pay@Table_log.log,[28-Jan 00:00:56,6,1.0,M,P,27722824,27662128,ONEIPIZEASTPOR,34D5A-A4C2F-F14A4-3BA1D,0,4184,{78##COMPLETED#0#{5566##01#0##}}]
Pay@Table_log.log,[28-Jan 00:01:02,3,1.0,M,P,28441628,25025222,ONEIWAGAMBLUE,7E583-FC860-2F441-DB323,0,3443,{332##COMPLETED#0#{5732##01#0##ICAgICAgICAgICAgIHdhZ2FtYW1hIHVrIGx0ZCAgICAgICAgICAgICAgIyAgICAgICAgICAgICAgICAgdW5pdCAwMSAgICAgICAgICAgICAgICAgICMgICAgICAgICAgICAgICAgYmx1ZXdhdGVyICAgICAgICAgICAgICAgICAjICAgICAgICAgICAgZ3JlZW5oaXRoZSBkYTkgOXN0ICAgICAgICAgICAgIyAgICAgICAgICAgIHRlbDogMDEzMjIgMzg3IDc3MyAgICAgICAgICAgICMgICAgICAgICB2YXQgcmVnOiBnYiA2ODEgNDQ3NSAxNyAgICAgICAgICAjICAgICAgICAgICAgICAgMTA5IHN3a2FyZW4gICAgICAgICAgICAgICAgIyAgICAgLS0tLS0tLS0tLS0tLS0tLS0tLS0tLS0tLS0tLS0tLS0gICAgICMgICAgICAgMzMyLzEgICBjICAgNTczMiAgICAgICBHc3QgMiAgICAgICAjICAgICAgICAgICAgIEphbjI3JzEyIDA5OjAyUE0gICAgICAgICAgICAgIyAgICAgLS0tLS0tLS0tLS0tLS0tLS0tLS0tLS0tLS0tLS0tLS0gICAgICMgICAgICAgMSBzdXBlciBqdWljZSAgICAgICAgICAwLjAwICAgICAgICAjICAgICAgICAgbHJnIHN1cGVyIGp1aWNlICAgIDQuMzUgICAgICAgICAgIyAgICAgICAxIHBpbm90IGcgMTI1bWwgICAgICAgIDMuNjUgICAgICAgICMgICAgICAgMSBjaGlrIHRlcmkgZG9uYnVyICAgICA4LjgwICAgICAgICAjICAgICAgIDEgeWFraSBzb2JhICAgICAgICAgICAgNy41NSAgICAgICAgIyAgICAgICAgICAgICAgICAgICAgICAgICAgICAgICAgICAgICAgICAgICMgICAgIC0tLS0tLS0tMTA5IENoZWNrIENsb3NlZC0tLS0tLS0tICAgICAjICAgICAtLS0tLS0tLS0yN0phbicxMiAyMzowMS0tLS0tLS0tLSAgICAgIw==}}]
Pay@Table_log.log,[28-Jan 00:01:39,3,1.0,M,P,27754021,27662138,ONEINTLTHEATRSB,A54AB-E0A51-1C49B-F9FF0,0,2123,{14##COMPLETED#0#{8084##01#0##}}]
Pay@Table_log.log,[28-Jan 00:01:52,9,1.0,M,P,28447435,27662186,ONEIELECTHSE,E5A72-419C3-BF408-191B9,0,3627,{10##PENDING#11138#{3680##01#0##}}]
Pay@Table_log.log,[28-Jan 00:02:02,5,1.0,M,P,27722863,27662124,ONEIPIZEASTPOR,34551-6CB1A-5048F-6A740,0,3907,{10##PENDING#3544#{5583##01#3544##}}]
Pay@Table_log.log,[28-Jan 00:02:05,1,1.0,M,P,24927951,27662144,ONEINTLTHEATRSB,49F13-FBED4-FE430-2A593,0,944,{15##COMPLETED#0#{8079##01#0##}}]
Pay@Table_log.log,[28-Jan 00:02:24,1,1.0,M,P,25784769,27662180,ONEIELECTHSE,B76C3-954CD-D640D-5BD55,0,2603,{4109##PENDING#2306#{4109##01#2306##}}]
Pay@Table_log.log,[28-Jan 00:02:38,1,1.0,M,P,28441182,27662113,ONEIWAHACASOHO,CD680-64EEF-444C4-EB079,0,4557,{14##COMPLETED#0#{2839##01#0##}}]
Pay@Table_log.log,[28-Jan 00:02:53,7,1.0,M,P,27722863,27662124,ONEIPIZEASTPOR,34551-6CB1A-5048F-6A740,0,3907,{10##COMPLETED#0#{5583##01#0##}}]
Pay@Table_log.log,[28-Jan 00:03:06,9,1.0,M,P,25784769,27662180,ONEIELECTHSE,B76C3-954CD-D640D-5BD55,0,2603,{4109##COMPLETED#0#{4109##01#0##}}]
Pay@Table_log.log,[28-Jan 00:03:12,2,1.0,M,P,24927951,27662144,ONEINTLTHEATRSB,49F13-FBED4-FE430-2A593,0,945,{18##COMPLETED#0#{8085##01#0##}}]
Pay@Table_log.log,[28-Jan 00:03:16,8,1.0,M,P,24971495,27662175,ONEIPOLLENST,AAEE7-7ED5E-49468-99861,0,1022,{10##PENDING#31263#{5292##01#31263##}}]
Pay@Table_log.log,[28-Jan 00:03:44,6,1.0,M,P,28446805,25025238,ONEITHIRTYFOUR,30AD5-7A5D9-CE451-38587,0,970,{14##PENDING#18400#{3425##01#18400##ICAgICAgICAgQ2FwcmljZSBIb2xkaW5ncyBMdGQgVUsgICAgICAgICAgIyAgICAgICAgICAgICAgICB+flJjcDIuYm1wICAgICAgICAgICAgICAgICMgICAgICAgICAgIDM0IEdyb3N2ZW5vciBTcXVhcmUgICAgICAgICAgICAjICAgICAgICAgICAgICBMb25kb24gVzFLIDJIRCAgICAgICAgICAgICAgIyAgICAgICAgICAgIFRlbDogMDIwMyAzNTAgMzQzNCAgICAgICAgICAgICMgICAgICAgICAgICAgICAgNDA3IFBpcHBhICAgICAgICAgICAgICAgICAjIC0tLS0tLS0tLS0tLS0tLS0tLS0tLS0tLS0tLS0tLS0tLS0tLS0tLS0gIyBUYmwgMTQvMSAgICAgICAgQ2hrIDM0MjUgICAgICAgICAgR3N0ICA0ICMgICAgICAgICAgICAgSmFuMjcnMTIgMDk6MDRQTSAgICAgICAgICAgICAjIC0tLS0tLS0tLS0tLS0tLS0tLS0tLS0tLS0tLS0tLS0tLS0tLS0tLS0gIyAgIDQgQ292ZXIgQ2hhcmdlIEAgMi4wMCAgICAgICAgICA4LjAwICAgICMgICA0IFN0aWxsIEtpbmdzZG93biBAIDQuNTAgICAgICAxOC4wMCAgICAjICAgMSBDYWVzYXIgU2FsYWQgICAgICAgICAgICAgICAgIDguNzUgICAgIyAgIDIgT2N0b3B1cyBAIDEwLjUwICAgICAgICAgICAgIDIxLjAwICAgICMgICAxIFJpc290dG8gICAgICAgICAgICAgICAgICAgICAxMi41MCAgICAjICAgMSBCZWVmIFRhZ2xpYXRhICAgICAgICAgICAgICAgMjIuNzUgICAgIyAgIDEgMzQgSGFtYnVyZ2VyICAgICAgICAgICAgICAgIDE2LjUwICAgICMgICAxIENvZCAgICAgICAgICAgICAgICAgICAgICAgICAyNC4wMCAgICAjICAgMSBBcmcgRmlsbGV0ICAgICAgICAgICAgICAgICAgMzguMDAgICAgIyAgIDEgQnJvY2NvbGkgICAgICAgICAgICAgICAgICAgICA0LjI1ICAgICMgICAyIFNpZGVyYWwgQ2FiIFNhdXYgQCA2Ni4wMCAgIDEzMi4wMCAgICAjICAgMSBDaG9jb2xhdGUgQm9tYmUgICAgICAgICAgICAgIDcuNTAgICAgIyAgIDEgUGVhbnV0IENydW5jaCAgICAgICAgICAgICAgICA3LjAwICAgICMgICAxIFRlYSAgICAgICAgICAgICAgICAgICAgICAgICAgMy41MCAgICAjICAgMSBFc3ByZXNzbyAgICAgICAgICAgICAgICAgICAgIDMuMjUgICAgIyAgICAgICAgICAgMjQwMDYxNTMwMjAyNzAwNzU2MyAgICAgICAgICAgICMgICAgQW1leCAgICAgICAgICAgICAgICAgICAgICAgMTgzLjg4ICAgICAjICAgICAgICAgICAgICAgICAgICAgICAgICAgICAgICAgICAgICAgICAgIyAgICBTdWJ0b3RhbCAgICAgICAgICAgICAgICAgICAzMjcuMDAgICAgICMgICAgU2VydmljZSAgICAgICAgICAgICAgICAgICAgIDQwLjg4ICAgICAjICAgIFBheW1lbnQgICAgICAgICAgICAgICAgICAgIDE4My44OCAgICAgIyAgICAgICBUb3RhbCAgICAgICAgICAgICAgICAxODQuMDAgICAgICAgICMgICAgIDU0LjUwIFZBVCAgICAgICAgICAgICAgICAzMjcuMDAgICAgICAjICAgICAgTmV0IFRUTCAgICAgICAgICAgICAgICAgMjcyLjUwICAgICAgIyAgICAgICAgICAgICAgICBUaGFuayB5b3UgICAgICAgICAgICAgICAgICMgICAgIFlvdXIgYmlsbCBpbmNsdWRlcyBWQVQgQDIwJSBhbmQgICAgICAjICAgICAgYSBkaXNjcmV0aW9uYXJ5IDEyLjUlIHNlcnZpY2UgICAgICAgIyAgICAgICAgICAgICAgICAgICAgICAgICAgICAgICAgICAgICAgICAgICMgICAgICByZWNlcHRpb25AMzQtcmVzdGF1cmFudC5jby51ayAgICAgICAjICAgICAgICAgd3d3LjM0LXJlc3RhdXJhbnQuY28udWsgICAgICAgICAgIyAgICAgICAgICAgICAgICAgICAgICAgICAgICAgICAgICAgICAgICAgICMgICAgICAgICAgICAgVkFUOiA4NjggMTQwIDU5ICAgICAgICAgICAgICAj}}]
Pay@Table_log.log,[28-Jan 00:04:24,7,1.0,M,P,24971495,27662175,ONEIPOLLENST,AAEE7-7ED5E-49468-99861,0,1022,{10##PENDING#23263#{5292##01#23263##}}]
Pay@Table_log.log,[28-Jan 00:04:26,1,1.0,M,P,24927997,27662116,ONEIWAHACASOHO,13FB8-69944-05458-997BE,0,1310,{103##COMPLETED#0#{2677##01#0##}}]
Pay@Table_log.log,[28-Jan 00:04:54,8,1.0,M,P,28441182,27662113,ONEIWAHACASOHO,CD680-64EEF-444C4-EB079,0,4558,{10##COMPLETED#0#{2755##01#0##}}]
Pay@Table_log.log,[28-Jan 00:04:58,3,1.0,M,P,28438738,27662118,ONEICIRCENDST,F89D7-5C9E5-F54E9-290C2,0,2366,{51##COMPLETED#0#{3541##01#0##}}]
Pay@Table_log.log,[28-Jan 00:05:24,1,1.0,M,P,28446811,25025233,ONEITHIRTYFOUR,3C0F5-DF7E1-2A4A8-0B10B,0,1227,{3##PENDING#20039#{3403##01#20039##ICAgICAgICAgQ2FwcmljZSBIb2xkaW5ncyBMdGQgVUsgICAgICAgICAgIyAgICAgICAgICAgICAgICB+flJjcDIuYm1wICAgICAgICAgICAgICAgICMgICAgICAgICAgIDM0IEdyb3N2ZW5vciBTcXVhcmUgICAgICAgICAgICAjICAgICAgICAgICAgICBMb25kb24gVzFLIDJIRCAgICAgICAgICAgICAgIyAgICAgICAgICAgIFRlbDogMDIwMyAzNTAgMzQzNCAgICAgICAgICAgICMgICAgICAgICAgICAgICAgIDIwOSBDIEMgICAgICAgICAgICAgICAgICAjIC0tLS0tLS0tLS0tLS0tLS0tLS0tLS0tLS0tLS0tLS0tLS0tLS0tLS0gIyBUYmwgMy8xICAgICAgICAgQ2hrIDM0MDMgICAgICAgICAgR3N0ICA0ICMgICAgICAgICAgICAgSmFuMjcnMTIgMDg6MDVQTSAgICAgICAgICAgICAjIC0tLS0tLS0tLS0tLS0tLS0tLS0tLS0tLS0tLS0tLS0tLS0tLS0tLS0gIyAgIDEgU3BrIEtpbmdzZG93biAgICAgICAgICAgICAgICA0LjUwICAgICMgICAyIFN0aWxsIEtpbmdzZG93biBAIDQuNTAgICAgICAgOS4wMCAgICAjICAgNCBDb3ZlciBDaGFyZ2UgQCAyLjAwICAgICAgICAgIDguMDAgICAgIyAgIDMgTWFyZ2FyaXRhIEAgMTIuMDAgICAgICAgICAgIDM2LjAwICAgICMgICAxIEJlbGxpbmkgICAgICAgICAgICAgICAgICAgICAgOS41MCAgICAjICAgMiBIYXZhbmEgTW9qaXRvIEAgMTAuMDAgICAgICAgMjAuMDAgICAgIyAgIDEgV2ludGVyIGluIE1leGljbyAgICAgICAgICAgIDEwLjAwICAgICMgICAxIENyaXNweSBQaWcgICAgICAgICAgICAgICAgICAxMy41MCAgICAjICAgMSBCYWtlZCBCZWV0cyAgICAgICAgICAgICAgICAgMTMuMjUgICAgIyAgIDEgR2VtIFNhbGFkICAgICAgICAgICAgICAgICAgICA4LjUwICAgICMgICAxIFRvcnRlbG9uaSAgICAgICAgICAgICAgICAgICAgOC41MCAgICAjICAgMSBBcmcgRmlsbGV0ICAgICAgICAgICAgICAgICAgMzguMDAgICAgIyAgIDIgUmlzb3R0byBMYXJnZSBAIDE5LjAwICAgICAgIDM4LjAwICAgICMgICAxIERvdmVyIFNvbGUgICAgICAgICAgICAgICAgICAzOS4wMCAgICAjICAgMSBTcGluYWNoIFN0ZWFtZWQgICAgICAgICAgICAgIDQuMjUgICAgIyAgIDEgU2lkZSBHZW0gU2FsYWQgICAgICAgICAgICAgICA0LjI1ICAgICMgICAyIEJyb2Njb2xpIEAgNC4yNSAgICAgICAgICAgICAgOC41MCAgICAjICAgMSBHbCBHYXN0b24gQ2hpcS4gICAgICAgICAgICAgMTMuNTAgICAgIyAgIDEgTW9ycmVsbGlubyBkaSBTYyAgICAgICAgICAgIDM0LjUwICAgICMgICAyIE1hY2FsbGFuIDE4eXJzIEAgMTYuMDAgICAgICAzMi4wMCAgICAjICAgMSBUZWEgICAgICAgICAgICAgICAgICAgICAgICAgIDMuNTAgICAgIyAgICAgICAgICAgMjUwMDIxNTMwMjAyNzAwNzU2NyAgICAgICAgICAgICMgICAgQW1leCAgICAgICAgICAgICAgICAgICAgICAgMjAwLjM5ICAgICAjICAgICAgICAgICAgICAgICAgICAgICAgICAgICAgICAgICAgICAgICAgIyAgICBTdWJ0b3RhbCAgICAgICAgICAgICAgICAgICAzNTYuMjUgICAgICMgICAgU2VydmljZSAgICAgICAgICAgICAgICAgICAgIDQ0LjUzICAgICAjICAgIFBheW1lbnQgICAgICAgICAgICAgICAgICAgIDIwMC4zOSAgICAgIyAgICAgICBUb3RhbCAgICAgICAgICAgICAgICAyMDAuMzkgICAgICAgICMgICAgIDU5LjM4IFZBVCAgICAgICAgICAgICAgICAzNTYuMjUgICAgICAjICAgICAgTmV0IFRUTCAgICAgICAgICAgICAgICAgMjk2Ljg3ICAgICAgIyAgICAgICAgICAgICAgICBUaGFuayB5b3UgICAgICAgICAgICAgICAgICMgICAgIFlvdXIgYmlsbCBpbmNsdWRlcyBWQVQgQDIwJSBhbmQgICAgICAjICAgICAgYSBkaXNjcmV0aW9uYXJ5IDEyLjUlIHNlcnZpY2UgICAgICAgIyAgICAgICAgICAgICAgICAgICAgICAgICAgICAgICAgICAgICAgICAgICMgICAgICByZWNlcHRpb25AMzQtcmVzdGF1cmFudC5jby51ayAgICAgICAjICAgICAgICAgd3d3LjM0LXJlc3RhdXJhbnQuY28udWsgICAgICAgICAgIyAgICAgICAgICAgICAgICAgICAgICAgICAgICAgICAgICAgICAgICAgICMgICAgICAgICAgICAgVkFUOiA4NjggMTQwIDU5ICAgICAgICAgICAgICAj}}]
Pay@Table_log.log,[28-Jan 00:05:26,4,1.0,M,P,28447348,27662178,ONEIELECTHSE,E3A02-35C8D-0C4E1-B8F10,0,2431,{5287##COMPLETED#0#{5287##01#0##}}]
Pay@Table_log.log,[28-Jan 00:05:27,9,1.0,M,P,28080513,27662127,ONEIPIZEASTPOR,E9786-168B3-0D43D-3A34E,0,3936,{71##PENDING#11138#{5576##01#11138##}}]
Pay@Table_log.log,[28-Jan 00:05:38,3,1.0,M,P,28441627,25025248,ONEIDELAUNEY,47B81-1CA51-D9454-CB55F,0,248,{108##COMPLETED#0#{7522##01#0##ICAgICAgICAgICAgICAgVGhlIERlbGF1bmF5ICAgICAgICAgICAgICAgIyAgICAgICAgICAgICAgICA1NSBBbGR3eWNoICAgICAgICAgICAgICAgICMgICAgICAgICAgICAgICAgICBMb25kb24gICAgICAgICAgICAgICAgICAjICAgICAgICAgICAgICAgICBXQzJCNEJCICAgICAgICAgICAgICAgICAgIyAgICAgICAgICAgIFRFTCAwMjAgNzQ5OSA4NTU4ICAgICAgICAgICAgICMgICAgICAgICAgIFZBVCBSZWc6IDgyMCA0MTUwIDc3ICAgICAgICAgICAjICAgICAgICAgICAgICAgMjE1IExhaWxhIEEgICAgICAgICAgICAgICAgIyAtLS0tLS0tLS0tLS0tLS0tLS0tLS0tLS0tLS0tLS0tLS0tLS0tLS0tICMgVGJsIDEwOC8xICAgICAgIENoayA3NTIyICAgICAgICAgIEdzdCAgMiAjICAgICAgICAgICAgICAgICBKYW4yNycxMiAgICAgICAgICAgICAgICAgIyAtLS0tLS0tLS0tLS0tLS0tLS0tLS0tLS0tLS0tLS0tLS0tLS0tLS0tICMgICAxIEdscyBQcm9zZWNjbyAgICAgICAgICAgICAgICAgNy43NSAgICAjICAgMSBIb3QgQ2hvYyAgICAgICAgICAgICAgICAgICAgIDQuNzUgICAgIyAgICAgICAgICAgSTQ2MjAxNjMwMjAyNzAyMTI2MSAgICAgICAgICAgICMgICAgVklTQSAgICAgICAgICAgICAgICAgICAgICAgIDE0LjA2ICAgICAjICAgICAgICAgICAgICAgICAgICAgICAgICAgICAgICAgICAgICAgICAgIyAgICAgIDIuMDggVkFUIFRUTCAgICAgICAgICAgICAxMi41MCAgICAgICMgICAgICBOZXQgVFRMICAgICAgICAgICAgICAgICAgMTAuNDIgICAgICAjICAgIFN1YnRvdGFsICAgICAgICAgICAgICAgICAgICAxMi41MCAgICAgIyAgICAxMi41JVNlcnZpY2UgICAgICAgICAgICAgICAgIDEuNTYgICAgICMgICAgUGF5bWVudCAgICAgICAgICAgICAgICAgICAgIDE0LjA2ICAgICAjIC0tLS0tLS0tLS0tLTIxNSBDaGVjayBDbG9zZWQtLS0tLS0tLS0tLS0gIyAgICAgIERJU0NSRVRJT05BUlkgU0VSVklDRSBJTkNMVURFRCAgICAgICMgICAgICAgICAgICAgICAgICAgICAgICAgICAgICAgICAgICAgICAgICAjICAgICAgICAgICB3d3cudGhlZGVsYXVuYXkuY29tICAgICAgICAgICAgIw==}}]
Pay@Table_log.log,[28-Jan 00:05:40,3,1.0,M,P,24971495,27662175,ONEIPOLLENST,AAEE7-7ED5E-49468-99861,0,1022,{10##PENDING#15263#{5292##01#15263##}}]
Pay@Table_log.log,[28-Jan 00:05:42,5,1.0,M,P,28446804,25025235,ONEITHIRTYFOUR,F8702-4F684-BD43C-8A6E3,0,734,{4##COMPLETED#0#{3414##01#0##ICAgICAgICAgQ2FwcmljZSBIb2xkaW5ncyBMdGQgVUsgICAgICAgICAgIyAgICAgICAgICAgICAgICB+flJjcDIuYm1wICAgICAgICAgICAgICAgICMgICAgICAgICAgIDM0IEdyb3N2ZW5vciBTcXVhcmUgICAgICAgICAgICAjICAgICAgICAgICAgICBMb25kb24gVzFLIDJIRCAgICAgICAgICAgICAgIyAgICAgICAgICAgIFRlbDogMDIwMyAzNTAgMzQzNCAgICAgICAgICAgICMgICAgICAgICAgICAgICAgIDIwOSBDIEMgICAgICAgICAgICAgICAgICAjIC0tLS0tLS0tLS0tLS0tLS0tLS0tLS0tLS0tLS0tLS0tLS0tLS0tLS0gIyBUYmwgNC8xICAgICAgICAgQ2hrIDM0MTQgICAgICAgICAgR3N0ICA0ICMgICAgICAgICAgICAgSmFuMjcnMTIgMDg6MzJQTSAgICAgICAgICAgICAjIC0tLS0tLS0tLS0tLS0tLS0tLS0tLS0tLS0tLS0tLS0tLS0tLS0tLS0gIyAgIDQgQ292ZXIgQ2hhcmdlIEAgMi4wMCAgICAgICAgICA4LjAwICAgICMgICAxIEdsIEdhc3RvbiBDaGlxLiAgICAgICAgICAgICAxMy41MCAgICAjICAgMyBTdGlsbCBLaW5nc2Rvd24gQCA0LjUwICAgICAgMTMuNTAgICAgIyAgIDEgRGFsbW9yZSAxNXlycyAgICAgICAgICAgICAgIDEyLjAwICAgICMgICAgICAgICAgICAgICBPTiBUSEUgUk9DSyAgICAgICAgICAgICAgICAjICAgMSBKb2hubnkgQmxhY2sgICAgICAgICAgICAgICAgIDguMjUgICAgIyAgICAgJiBTb2RhIFdhdGVyICAgICAgICAgICAgICAgMS41MCAgICAgICMgICAxIENoIEdQIExhY29zdGUgMDIgICAgICAgICAgIDEzNS4wMCAgICAjICAgMiBTaHJpbXAgQ29ja3RhaWwgQCAxNS43NSAgICAgMzEuNTAgICAgIyAgIDEgQXJ0aWNob2tlIFNhbGFkICAgICAgICAgICAgICA4LjUwICAgICMgICAxIENob3AgU2FsYWQgICAgICAgICAgICAgICAgICAgOC43NSAgICAjICAgMiAzNCBIYW1idXJnZXIgQCAxNi41MCAgICAgICAgMzMuMDAgICAgIyAgIDEgQ2hhdGVhdWJyaWFuZCAgICAgICAgICAgICAgIDc1LjAwICAgICMgICAxIE1hY2Fyb25pIENoZWVzZSAgICAgICAgICAgICAgNC4yNSAgICAjICAgMSBNYXNoIFBvdGF0b2VzICAgICAgICAgICAgICAgIDQuMjUgICAgIyAgIDEgU3dlZXRjb3JuICAgICAgICAgICAgICAgICAgICA0LjI1ICAgICMgICAxIFNwaW5hY2ggJkdhcmxpYyAgICAgICAgICAgICAgNC4yNSAgICAjICAgMSBPbmlvbiBSaW5ncyAgICAgICAgICAgICAgICAgIDQuMjUgICAgIyAgIDEgQ2ggTWFnZGVsYWluZSAgICAgICAgICAgICAgMTUwLjAwICAgICMgICA0IFRlYSBAIDMuNTAgICAgICAgICAgICAgICAgICAxNC4wMCAgICAjICAgMyBJY2UgQ3JlYW0gU2Nvb3AgQCAyLjUwICAgICAgIDcuNTAgICAgIyAgIDEgQ2hvY29sYXRlIEJvbWJlICAgICAgICAgICAgICA3LjUwICAgICMgICAxIEpvaG5ueSBCbGFjayAgICAgICAgICAgICAgICAgOC4yNSAgICAjICAgICAmIFNvZGEgV2F0ZXIgICAgICAgICAgICAgICAxLjUwICAgICAgIyAgICAgICAgICAgMjcwMDcxNTMwMjAyNzAwNzU2OSAgICAgICAgICAgICMgICAgQW1leCAgICAgICAgICAgICAgICAgICAgICAgNjI4LjMxICAgICAjICAgICAgICAgICAgICAgICAgICAgICAgICAgICAgICAgICAgICAgICAgIyAgICBTdWJ0b3RhbCAgICAgICAgICAgICAgICAgICA1NTguNTAgICAgICMgICAgU2VydmljZSAgICAgICAgICAgICAgICAgICAgIDY5LjgxICAgICAjICAgIFBheW1lbnQgICAgICAgICAgICAgICAgICAgIDYyOC4zMSAgICAgIyAgICAgOTMuMDggVkFUICAgICAgICAgICAgICAgIDU1OC41MCAgICAgICMgICAgICBOZXQgVFRMICAgICAgICAgICAgICAgICA0NjUuNDIgICAgICAjIC0tLS0tLS0tLS0tLTIwOSBDaGVjayBDbG9zZWQtLS0tLS0tLS0tLS0gIyAtLS0tLS0tLS0tLS0tMjdKYW4nMTIgMjM6MDUtLS0tLS0tLS0tLS0tICMgICAgICAgICAgICAgICAgVGhhbmsgeW91ICAgICAgICAgICAgICAgICAjICAgICBZb3VyIGJpbGwgaW5jbHVkZXMgVkFUIEAyMCUgYW5kICAgICAgIyAgICAgIGEgZGlzY3JldGlvbmFyeSAxMi41JSBzZXJ2aWNlICAgICAgICMgICAgICAgICAgICAgICAgICAgICAgICAgICAgICAgICAgICAgICAgICAjICAgICAgcmVjZXB0aW9uQDM0LXJlc3RhdXJhbnQuY28udWsgICAgICAgIyAgICAgICAgIHd3dy4zNC1yZXN0YXVyYW50LmNvLnVrICAgICAgICAgICMgICAgICAgICAgICAgICAgICAgICAgICAgICAgICAgICAgICAgICAgICAjICAgICAgICAgICAgIFZBVDogODY4IDE0MCA1OSAgICAgICAgICAgICAgIw==}}]
Pay@Table_log.log,[28-Jan 00:05:46,9,1.0,M,P,27755045,27662233,ONEIWAGAMEDIN,C576C-7871D-F24D2-F85BC,0,3301,{641##PENDING#3845#{1079##01#3845##ICAgICAgICAgICAgIHdhZ2FtYW1hIHVrIGx0ZCAgICAgICAgICAgICAgIyAgICAgICAgICAgICAxIGNhc3RsZSB0ZXJyYWNlICAgICAgICAgICAgICMgICAgICAgICAgICAgICAgZWRpbmJ1cmdoICAgICAgICAgICAgICAgICAjICAgICAgICAgICAgICAgICBlaDEgMmRwICAgICAgICAgICAgICAgICAgIyAgICAgICAgICAgIHRlbDogMDEzMSAyMjkgNTUwNiAgICAgICAgICAgICMgICAgICAgICB2YXQgcmVnOiBnYiA2ODEgNDQ3NSAxNyAgICAgICAgICAjICAgICAgICAgICAgICAgMTA3IHNoYW5ub24gICAgICAgICAgICAgICAgIyAgICAgLS0tLS0tLS0tLS0tLS0tLS0tLS0tLS0tLS0tLS0tLS0gICAgICMgICAgICAgNjQxLzEgICBjICAgMTA3OSAgICAgICBHc3QgNCAgICAgICAjICAgICAgICAgICAgIEphbjI3JzEyIDA5OjUwUE0gICAgICAgICAgICAgIyAgICAgLS0tLS0tLS0tLS0tLS0tLS0tLS0tLS0tLS0tLS0tLS0gICAgICMgICAgICAgMSBhc2FoaSAzMzBtbCAgICAgICAgICAzLjg1ICAgICAgICAjICAgICAgIDEgYXNhaGkgMzMwbWwgICAgICAgICAgMy44NSAgICAgICAgIyAgICAgICAxIGNoZW5pbiAxNzVtbCAgICAgICAgIDQuODUgICAgICAgICMgICAgICAgMSBjaGVuaW4gMTc1bWwgICAgICAgICA0Ljg1ICAgICAgICAjICAgICAgIDEgeWFraSB1ZG9uICAgICAgICAgICAgOC4yMCAgICAgICAgIyAgICAgICAxIGNoaWNrIHJhaXN1a2FyZWUgICAgIDkuOTUgICAgICAgICMgICAgICAgMSB5YXNhaSBneW96YSAgICAgICAgICA1LjI1ICAgICAgICAjICAgICAgIDEgZ2luZyBiZWVmIHNhbGFkICAgICAxMC4xNSAgICAgICAgIyAgICAgICAgICAgSTAxMjIxNjMwMjAyNzAyNjY3OSAgICAgICAgICAgICMgICAgICAgIHZpc2EgICAgICAgICAgICAgICAgMTIuNTAgICAgICAgICAjICAgICAgICAgICAgICAgICAgICAgICAgICAgICAgICAgICAgICAgICAgIw==}}]
Pay@Table_log.log,[28-Jan 00:05:58,2,1.0,M,P,27722914,27662130,ONEIPIZEASTPOR,CA1C8-FB9F3-5A404-89C3A,0,4054,{73##COMPLETED#0#{5589##01#0##}}]
Pay@Table_log.log,[28-Jan 00:06:14,5,1.0,M,P,28080513,27662127,ONEIPIZEASTPOR,E9786-168B3-0D43D-3A34E,0,3936,{71##COMPLETED#0#{5576##01#0##}}]
Pay@Table_log.log,[28-Jan 00:06:19,0,1.0,M,P,28446811,25025233,ONEITHIRTYFOUR,3C0F5-DF7E1-2A4A8-0B10B,0,1227,{3##COMPLETED#0#{3403##01#0##ICAgICAgICAgQ2FwcmljZSBIb2xkaW5ncyBMdGQgVUsgICAgICAgICAgIyAgICAgICAgICAgICAgICB+flJjcDIuYm1wICAgICAgICAgICAgICAgICMgICAgICAgICAgIDM0IEdyb3N2ZW5vciBTcXVhcmUgICAgICAgICAgICAjICAgICAgICAgICAgICBMb25kb24gVzFLIDJIRCAgICAgICAgICAgICAgIyAgICAgICAgICAgIFRlbDogMDIwMyAzNTAgMzQzNCAgICAgICAgICAgICMgICAgICAgICAgICAgICAgIDIwOSBDIEMgICAgICAgICAgICAgICAgICAjIC0tLS0tLS0tLS0tLS0tLS0tLS0tLS0tLS0tLS0tLS0tLS0tLS0tLS0gIyBUYmwgMy8xICAgICAgICAgQ2hrIDM0MDMgICAgICAgICAgR3N0ICA0ICMgICAgICAgICAgICAgSmFuMjcnMTIgMDg6MDVQTSAgICAgICAgICAgICAjIC0tLS0tLS0tLS0tLS0tLS0tLS0tLS0tLS0tLS0tLS0tLS0tLS0tLS0gIyAgIDEgU3BrIEtpbmdzZG93biAgICAgICAgICAgICAgICA0LjUwICAgICMgICAyIFN0aWxsIEtpbmdzZG93biBAIDQuNTAgICAgICAgOS4wMCAgICAjICAgNCBDb3ZlciBDaGFyZ2UgQCAyLjAwICAgICAgICAgIDguMDAgICAgIyAgIDMgTWFyZ2FyaXRhIEAgMTIuMDAgICAgICAgICAgIDM2LjAwICAgICMgICAxIEJlbGxpbmkgICAgICAgICAgICAgICAgICAgICAgOS41MCAgICAjICAgMiBIYXZhbmEgTW9qaXRvIEAgMTAuMDAgICAgICAgMjAuMDAgICAgIyAgIDEgV2ludGVyIGluIE1leGljbyAgICAgICAgICAgIDEwLjAwICAgICMgICAxIENyaXNweSBQaWcgICAgICAgICAgICAgICAgICAxMy41MCAgICAjICAgMSBCYWtlZCBCZWV0cyAgICAgICAgICAgICAgICAgMTMuMjUgICAgIyAgIDEgR2VtIFNhbGFkICAgICAgICAgICAgICAgICAgICA4LjUwICAgICMgICAxIFRvcnRlbG9uaSAgICAgICAgICAgICAgICAgICAgOC41MCAgICAjICAgMSBBcmcgRmlsbGV0ICAgICAgICAgICAgICAgICAgMzguMDAgICAgIyAgIDIgUmlzb3R0byBMYXJnZSBAIDE5LjAwICAgICAgIDM4LjAwICAgICMgICAxIERvdmVyIFNvbGUgICAgICAgICAgICAgICAgICAzOS4wMCAgICAjICAgMSBTcGluYWNoIFN0ZWFtZWQgICAgICAgICAgICAgIDQuMjUgICAgIyAgIDEgU2lkZSBHZW0gU2FsYWQgICAgICAgICAgICAgICA0LjI1ICAgICMgICAyIEJyb2Njb2xpIEAgNC4yNSAgICAgICAgICAgICAgOC41MCAgICAjICAgMSBHbCBHYXN0b24gQ2hpcS4gICAgICAgICAgICAgMTMuNTAgICAgIyAgIDEgTW9ycmVsbGlubyBkaSBTYyAgICAgICAgICAgIDM0LjUwICAgICMgICAyIE1hY2FsbGFuIDE4eXJzIEAgMTYuMDAgICAgICAzMi4wMCAgICAjICAgMSBUZWEgICAgICAgICAgICAgICAgICAgICAgICAgIDMuNTAgICAgIyAgICAgICAgICAgMjUwMDIxNTMwMjAyNzAwNzU2NyAgICAgICAgICAgICMgICAgQW1leCAgICAgICAgICAgICAgICAgICAgICAgMjAwLjM5ICAgICAjICAgICAgICAgICAyMTAxOTE1MzAyMDI3MDA3NTcxICAgICAgICAgICAgIyAgICBBbWV4ICAgICAgICAgICAgICAgICAgICAgICAyMDAuMzkgICAgICMgICAgICAgICAgICAgICAgICAgICAgICAgICAgICAgICAgICAgICAgICAjICAgIFN1YnRvdGFsICAgICAgICAgICAgICAgICAgIDM1Ni4yNSAgICAgIyAgICBTZXJ2aWNlICAgICAgICAgICAgICAgICAgICAgNDQuNTMgICAgICMgICAgUGF5bWVudCAgICAgICAgICAgICAgICAgICAgNDAwLjc4ICAgICAjICAgICA1OS4zOCBWQVQgICAgICAgICAgICAgICAgMzU2LjI1ICAgICAgIyAgICAgIE5ldCBUVEwgICAgICAgICAgICAgICAgIDI5Ni44NyAgICAgICMgLS0tLS0tLS0tLS0tMjA5IENoZWNrIENsb3NlZC0tLS0tLS0tLS0tLSAjIC0tLS0tLS0tLS0tLS0yN0phbicxMiAyMzowNi0tLS0tLS0tLS0tLS0gIyAgICAgICAgICAgICAgICBUaGFuayB5b3UgICAgICAgICAgICAgICAgICMgICAgIFlvdXIgYmlsbCBpbmNsdWRlcyBWQVQgQDIwJSBhbmQgICAgICAjICAgICAgYSBkaXNjcmV0aW9uYXJ5IDEyLjUlIHNlcnZpY2UgICAgICAgIyAgICAgICAgICAgICAgICAgICAgICAgICAgICAgICAgICAgICAgICAgICMgICAgICByZWNlcHRpb25AMzQtcmVzdGF1cmFudC5jby51ayAgICAgICAjICAgICAgICAgd3d3LjM0LXJlc3RhdXJhbnQuY28udWsgICAgICAgICAgIyAgICAgICAgICAgICAgICAgICAgICAgICAgICAgICAgICAgICAgICAgICMgICAgICAgICAgICAgVkFUOiA4NjggMTQwIDU5ICAgICAgICAgICAgICAj}}]
Pay@Table_log.log,[28-Jan 00:06:31,6,1.0,M,P,28441628,25025222,ONEIWAGAMBLUE,7E583-FC860-2F441-DB323,0,3444,{800##COMPLETED#0#{5758##01#0##ICAgICAgICAgICAgIHdhZ2FtYW1hIHVrIGx0ZCAgICAgICAgICAgICAgIyAgICAgICAgICAgICAgICAgdW5pdCAwMSAgICAgICAgICAgICAgICAgICMgICAgICAgICAgICAgICAgYmx1ZXdhdGVyICAgICAgICAgICAgICAgICAjICAgICAgICAgICAgZ3JlZW5oaXRoZSBkYTkgOXN0ICAgICAgICAgICAgIyAgICAgICAgICAgIHRlbDogMDEzMjIgMzg3IDc3MyAgICAgICAgICAgICMgICAgICAgICB2YXQgcmVnOiBnYiA2ODEgNDQ3NSAxNyAgICAgICAgICAjICAgICAgICAgICAgICAgMTA4IGhoa2FyZW4gICAgICAgICAgICAgICAgIyAgICAgLS0tLS0tLS0tLS0tLS0tLS0tLS0tLS0tLS0tLS0tLS0gICAgICMgICAgICAgODAwLzEgICBjICAgNTc1OCAgICAgICBHc3QgMCAgICAgICAjICAgICAgICAgICAgIEphbjI3JzEyIDExOjAzUE0gICAgICAgICAgICAgIyAgICAgLS0tLS0tLS0tLS0tLS0tLS0tLS0tLS0tLS0tLS0tLS0gICAgICMgICAgICAgICAgICAgICBzdGFmZi91bmlmcm0gICAgICAgICAgICAgICAjICAgICAgIDEgc3ByaXRlICAgICAgICAgICAgICAgMS4xMCAgICAgICAgIyAgICAgICAgICAgICAgICAgICAgICAgICAgICAgICAgICAgICAgICAgICMgICAgIC0tLS0tLS0tMTA4IENoZWNrIENsb3NlZC0tLS0tLS0tICAgICAjICAgICAtLS0tLS0tLS0yN0phbicxMiAyMzowNi0tLS0tLS0tLSAgICAgIw==}}]
Pay@Table_log.log,[28-Jan 00:06:34,3,1.0,M,P,28446805,25025238,ONEITHIRTYFOUR,30AD5-7A5D9-CE451-38587,0,971,{18##PENDING#4800#{3433##01#4800##ICAgICAgICAgQ2FwcmljZSBIb2xkaW5ncyBMdGQgVUsgICAgICAgICAgIyAgICAgICAgICAgICAgICB+flJjcDIuYm1wICAgICAgICAgICAgICAgICMgICAgICAgICAgIDM0IEdyb3N2ZW5vciBTcXVhcmUgICAgICAgICAgICAjICAgICAgICAgICAgICBMb25kb24gVzFLIDJIRCAgICAgICAgICAgICAgIyAgICAgICAgICAgIFRlbDogMDIwMyAzNTAgMzQzNCAgICAgICAgICAgICMgICAgICAgICAgICAgICAgIDIwOSBDIEMgICAgICAgICAgICAgICAgICAjIC0tLS0tLS0tLS0tLS0tLS0tLS0tLS0tLS0tLS0tLS0tLS0tLS0tLS0gIyBUYmwgMTgvMSAgICAgICAgQ2hrIDM0MzMgICAgICAgICAgR3N0ICAyICMgICAgICAgICAgICAgSmFuMjcnMTIgMDk6MzFQTSAgICAgICAgICAgICAjIC0tLS0tLS0tLS0tLS0tLS0tLS0tLS0tLS0tLS0tLS0tLS0tLS0tLS0gIyAgIDIgQ292ZXIgQ2hhcmdlIEAgMi4wMCAgICAgICAgICA0LjAwICAgICMgICAyIEdsIENvdGVzIFJob25lIEAgOS41MCAgICAgICAxOS4wMCAgICAjICAgMSBTY2FsbG9wcyAgICAgICAgICAgICAgICAgICAgMTUuMDAgICAgIyAgIDEgUmlzb3R0byAgICAgICAgICAgICAgICAgICAgIDEyLjUwICAgICMgICAxIENyYWIgU2FsYWQgICAgICAgICAgICAgICAgICAxMC41MCAgICAjICAgMSBGaWxsZXQgb2YgQmFzcyAgICAgICAgICAgICAgMjIuNTAgICAgIyAgIDEgU3BpbmFjaCAmR2FybGljICAgICAgICAgICAgICA0LjI1ICAgICMgICAxIENhcHB1Y2Npbm8gICAgICAgICAgICAgICAgICAgMy43NSAgICAjICAgMSBFc3ByZXNzbyAgICAgICAgICAgICAgICAgICAgIDMuMjUgICAgIyAgICAgICAgICAgMTYwMjYxNjMwMjAyNzAwNzU3MyAgICAgICAgICAgICMgICAgTWFzdGVyY2FyZCAgICAgICAgICAgICAgICAgIDU4LjU5ICAgICAjICAgICAgICAgICAgICAgICAgICAgICAgICAgICAgICAgICAgICAgICAgIyAgICBTdWJ0b3RhbCAgICAgICAgICAgICAgICAgICAgOTQuNzUgICAgICMgICAgU2VydmljZSAgICAgICAgICAgICAgICAgICAgIDExLjg0ICAgICAjICAgIFBheW1lbnQgICAgICAgICAgICAgICAgICAgICA1OC41OSAgICAgIyAgICAgICBUb3RhbCAgICAgICAgICAgICAgICAgIDQ4LjAwICAgICAgICMgICAgIDE1Ljc5IFZBVCAgICAgICAgICAgICAgICAgOTQuNzUgICAgICAjICAgICAgTmV0IFRUTCAgICAgICAgICAgICAgICAgIDc4Ljk2ICAgICAgIyAgICAgICAgICAgICAgICBUaGFuayB5b3UgICAgICAgICAgICAgICAgICMgICAgIFlvdXIgYmlsbCBpbmNsdWRlcyBWQVQgQDIwJSBhbmQgICAgICAjICAgICAgYSBkaXNjcmV0aW9uYXJ5IDEyLjUlIHNlcnZpY2UgICAgICAgIyAgICAgICAgICAgICAgICAgICAgICAgICAgICAgICAgICAgICAgICAgICMgICAgICByZWNlcHRpb25AMzQtcmVzdGF1cmFudC5jby51ayAgICAgICAjICAgICAgICAgd3d3LjM0LXJlc3RhdXJhbnQuY28udWsgICAgICAgICAgIyAgICAgICAgICAgICAgICAgICAgICAgICAgICAgICAgICAgICAgICAgICMgICAgICAgICAgICAgVkFUOiA4NjggMTQwIDU5ICAgICAgICAgICAgICAj}}]
Pay@Table_log.log,[28-Jan 00:06:49,1,1.0,M,P,28447348,27662178,ONEIELECTHSE,E3A02-35C8D-0C4E1-B8F10,0,2432,{5298##COMPLETED#0#{5298##01#0##}}]
Pay@Table_log.log,[28-Jan 00:06:55,8,1.0,M,P,24971495,27662175,ONEIPOLLENST,AAEE7-7ED5E-49468-99861,0,1022,{10##PENDING#7263#{5292##01#7263##}}]
Pay@Table_log.log,[28-Jan 00:06:59,9,1.0,M,P,28080517,27662115,ONEIWAHACASOHO,56521-4F5D2-6E4BB-699D7,0,13573,{34##COMPLETED#0#{2840##01#0##}}]
Pay@Table_log.log,[28-Jan 00:07:04,8,1.0,M,P,27755045,27662233,ONEIWAGAMEDIN,C576C-7871D-F24D2-F85BC,0,3301,{641##PENDING#2595#{1079##01#2595##ICAgICAgICAgICAgIHdhZ2FtYW1hIHVrIGx0ZCAgICAgICAgICAgICAgIyAgICAgICAgICAgICAxIGNhc3RsZSB0ZXJyYWNlICAgICAgICAgICAgICMgICAgICAgICAgICAgICAgZWRpbmJ1cmdoICAgICAgICAgICAgICAgICAjICAgICAgICAgICAgICAgICBlaDEgMmRwICAgICAgICAgICAgICAgICAgIyAgICAgICAgICAgIHRlbDogMDEzMSAyMjkgNTUwNiAgICAgICAgICAgICMgICAgICAgICB2YXQgcmVnOiBnYiA2ODEgNDQ3NSAxNyAgICAgICAgICAjICAgICAgICAgICAgICAgMTA3IHNoYW5ub24gICAgICAgICAgICAgICAgIyAgICAgLS0tLS0tLS0tLS0tLS0tLS0tLS0tLS0tLS0tLS0tLS0gICAgICMgICAgICAgNjQxLzEgICBjICAgMTA3OSAgICAgICBHc3QgNCAgICAgICAjICAgICAgICAgICAgIEphbjI3JzEyIDA5OjUwUE0gICAgICAgICAgICAgIyAgICAgLS0tLS0tLS0tLS0tLS0tLS0tLS0tLS0tLS0tLS0tLS0gICAgICMgICAgICAgMSBhc2FoaSAzMzBtbCAgICAgICAgICAzLjg1ICAgICAgICAjICAgICAgIDEgYXNhaGkgMzMwbWwgICAgICAgICAgMy44NSAgICAgICAgIyAgICAgICAxIGNoZW5pbiAxNzVtbCAgICAgICAgIDQuODUgICAgICAgICMgICAgICAgMSBjaGVuaW4gMTc1bWwgICAgICAgICA0Ljg1ICAgICAgICAjICAgICAgIDEgeWFraSB1ZG9uICAgICAgICAgICAgOC4yMCAgICAgICAgIyAgICAgICAxIGNoaWNrIHJhaXN1a2FyZWUgICAgIDkuOTUgICAgICAgICMgICAgICAgMSB5YXNhaSBneW96YSAgICAgICAgICA1LjI1ICAgICAgICAjICAgICAgIDEgZ2luZyBiZWVmIHNhbGFkICAgICAxMC4xNSAgICAgICAgIyAgICAgICAgICAgSTAxMjIxNjMwMjAyNzAyNjY3OSAgICAgICAgICAgICMgICAgICAgIHZpc2EgICAgICAgICAgICAgICAgMTIuNTAgICAgICAgICAjICAgICAgICAgICBJNzk2NDE2MzAyMDI3MDI2NjgxICAgICAgICAgICAgIyAgICAgICAgdmlzYSAgICAgICAgICAgICAgICAxMi41MCAgICAgICAgICMgICAgICAgICAgICAgICAgICAgICAgICAgICAgICAgICAgICAgICAgICAj}}]
Pay@Table_log.log,[28-Jan 00:07:13,5,1.0,M,P,27722824,27662128,ONEIPIZEASTPOR,34D5A-A4C2F-F14A4-3BA1D,0,4186,{77##PENDING#8067#{5568##01#8067##}}]
Pay@Table_log.log,[28-Jan 00:07:38,7,1.0,M,P,28446805,25025238,ONEITHIRTYFOUR,30AD5-7A5D9-CE451-38587,0,971,{18##COMPLETED#0#{3433##01#0##ICAgICAgICAgQ2FwcmljZSBIb2xkaW5ncyBMdGQgVUsgICAgICAgICAgIyAgICAgICAgICAgICAgICB+flJjcDIuYm1wICAgICAgICAgICAgICAgICMgICAgICAgICAgIDM0IEdyb3N2ZW5vciBTcXVhcmUgICAgICAgICAgICAjICAgICAgICAgICAgICBMb25kb24gVzFLIDJIRCAgICAgICAgICAgICAgIyAgICAgICAgICAgIFRlbDogMDIwMyAzNTAgMzQzNCAgICAgICAgICAgICMgICAgICAgICAgICAgICAgIDIwOSBDIEMgICAgICAgICAgICAgICAgICAjIC0tLS0tLS0tLS0tLS0tLS0tLS0tLS0tLS0tLS0tLS0tLS0tLS0tLS0gIyBUYmwgMTgvMSAgICAgICAgQ2hrIDM0MzMgICAgICAgICAgR3N0ICAyICMgICAgICAgICAgICAgSmFuMjcnMTIgMDk6MzFQTSAgICAgICAgICAgICAjIC0tLS0tLS0tLS0tLS0tLS0tLS0tLS0tLS0tLS0tLS0tLS0tLS0tLS0gIyAgIDIgQ292ZXIgQ2hhcmdlIEAgMi4wMCAgICAgICAgICA0LjAwICAgICMgICAyIEdsIENvdGVzIFJob25lIEAgOS41MCAgICAgICAxOS4wMCAgICAjICAgMSBTY2FsbG9wcyAgICAgICAgICAgICAgICAgICAgMTUuMDAgICAgIyAgIDEgUmlzb3R0byAgICAgICAgICAgICAgICAgICAgIDEyLjUwICAgICMgICAxIENyYWIgU2FsYWQgICAgICAgICAgICAgICAgICAxMC41MCAgICAjICAgMSBGaWxsZXQgb2YgQmFzcyAgICAgICAgICAgICAgMjIuNTAgICAgIyAgIDEgU3BpbmFjaCAmR2FybGljICAgICAgICAgICAgICA0LjI1ICAgICMgICAxIENhcHB1Y2Npbm8gICAgICAgICAgICAgICAgICAgMy43NSAgICAjICAgMSBFc3ByZXNzbyAgICAgICAgICAgICAgICAgICAgIDMuMjUgICAgIyAgICAgICAgICAgMTYwMjYxNjMwMjAyNzAwNzU3MyAgICAgICAgICAgICMgICAgTWFzdGVyY2FyZCAgICAgICAgICAgICAgICAgIDU4LjU5ICAgICAjICAgICAgICAgICBJNzAwNzE2MzAyMDI3MDA3NTc1ICAgICAgICAgICAgIyAgICBWaXNhICAgICAgICAgICAgICAgICAgICAgICAgNDguMDAgICAgICMgICAgICAgICAgICAgICAgICAgICAgICAgICAgICAgICAgICAgICAgICAjICAgIFN1YnRvdGFsICAgICAgICAgICAgICAgICAgICA5NC43NSAgICAgIyAgICBTZXJ2aWNlICAgICAgICAgICAgICAgICAgICAgMTEuODQgICAgICMgICAgUGF5bWVudCAgICAgICAgICAgICAgICAgICAgMTA2LjU5ICAgICAjICAgICAxNS43OSBWQVQgICAgICAgICAgICAgICAgIDk0Ljc1ICAgICAgIyAgICAgIE5ldCBUVEwgICAgICAgICAgICAgICAgICA3OC45NiAgICAgICMgLS0tLS0tLS0tLS0tMjA5IENoZWNrIENsb3NlZC0tLS0tLS0tLS0tLSAjIC0tLS0tLS0tLS0tLS0yN0phbicxMiAyMzowNy0tLS0tLS0tLS0tLS0gIyAgICAgICAgICAgICAgICBUaGFuayB5b3UgICAgICAgICAgICAgICAgICMgICAgIFlvdXIgYmlsbCBpbmNsdWRlcyBWQVQgQDIwJSBhbmQgICAgICAjICAgICAgYSBkaXNjcmV0aW9uYXJ5IDEyLjUlIHNlcnZpY2UgICAgICAgIyAgICAgICAgICAgICAgICAgICAgICAgICAgICAgICAgICAgICAgICAgICMgICAgICByZWNlcHRpb25AMzQtcmVzdGF1cmFudC5jby51ayAgICAgICAjICAgICAgICAgd3d3LjM0LXJlc3RhdXJhbnQuY28udWsgICAgICAgICAgIyAgICAgICAgICAgICAgICAgICAgICAgICAgICAgICAgICAgICAgICAgICMgICAgICAgICAgICAgVkFUOiA4NjggMTQwIDU5ICAgICAgICAgICAgICAj}}]
Pay@Table_log.log,[28-Jan 00:07:41,0,1.0,M,P,27722581,27662114,ONEIWAHACASOHO,DB0DC-3C1DD-7D468-48258,0,3904,{21##PENDING#4096#{2854##01#4096##}}]
Pay@Table_log.log,[28-Jan 00:07:49,0,1.0,M,P,24971495,27662175,ONEIPOLLENST,AAEE7-7ED5E-49468-99861,0,1022,{10##COMPLETED#0#{5292##01#0##}}]
Pay@Table_log.log,[28-Jan 00:07:53,9,1.0,M,P,28441149,27662234,ONEIWAGAMEDIN,45081-CE84E-D840E-0A7F1,0,2457,{122##COMPLETED#0#{1087##01#0##ICAgICAgICAgICAgIHdhZ2FtYW1hIHVrIGx0ZCAgICAgICAgICAgICAgIyAgICAgICAgICAgICAxIGNhc3RsZSB0ZXJyYWNlICAgICAgICAgICAgICMgICAgICAgICAgICAgICAgZWRpbmJ1cmdoICAgICAgICAgICAgICAgICAjICAgICAgICAgICAgICAgICBlaDEgMmRwICAgICAgICAgICAgICAgICAgIyAgICAgICAgICAgIHRlbDogMDEzMSAyMjkgNTUwNiAgICAgICAgICAgICMgICAgICAgICB2YXQgcmVnOiBnYiA2ODEgNDQ3NSAxNyAgICAgICAgICAjICAgICAgICAgICAgICAgICAxMjcgcm9zZSAgICAgICAgICAgICAgICAgIyAgICAgLS0tLS0tLS0tLS0tLS0tLS0tLS0tLS0tLS0tLS0tLS0gICAgICMgICAgICAgMTIyLzEgICBjICAgMTA4NyAgICAgICBHc3QgMiAgICAgICAjICAgICAgICAgICAgIEphbjI3JzEyIDEwOjI4UE0gICAgICAgICAgICAgIyAgICAgLS0tLS0tLS0tLS0tLS0tLS0tLS0tLS0tLS0tLS0tLS0gICAgICMgICAgICAgMSB0aWdlciA2NDBtbCAgICAgICAgICA2Ljc1ICAgICAgICAjICAgICAgIDEgcGlub3QgZyAyNTBtbCAgICAgICAgNi4xMCAgICAgICAgIyAgICAgICAxIGR1Y2sgZ3lvemEgICAgICAgICAgIDUuNTUgICAgICAgICMgICAgICAgMSBjaGljayByYWlzdWthcmVlICAgICA5Ljk1ICAgICAgICAjICAgICAgIDEgbWFuZGFyaW5lIGNoaWNrICAgICAgOS4zMCAgICAgICAgIyAgICAgICAgICAgSTk1NDMxNjMwMjAyNzAyNjY4MyAgICAgICAgICAgICMgICAgICAgIHZpc2EgICAgICAgICAgICAgICAgMzcuNjUgICAgICAgICAjICAgICAgICAgICAgICAgICAgICAgICAgICAgICAgICAgICAgICAgICAgIyAgICAgLS0tLS0tLS0xMjcgQ2hlY2sgQ2xvc2VkLS0tLS0tLS0gICAgICMgICAgIC0tLS0tLS0tLTI3SmFuJzEyIDIzOjA3LS0tLS0tLS0tICAgICAj}}]
Pay@Table_log.log,[28-Jan 00:08:04,4,1.0,M,P,24927951,27662144,ONEINTLTHEATRSB,49F13-FBED4-FE430-2A593,0,946,{8##COMPLETED#0#{8080##01#0##}}]
Pay@Table_log.log,[28-Jan 00:08:22,0,1.0,M,P,27722824,27662128,ONEIPIZEASTPOR,34D5A-A4C2F-F14A4-3BA1D,0,4186,{77##COMPLETED#0#{5568##01#0##}}]
Pay@Table_log.log,[28-Jan 00:08:31,6,1.0,M,P,28446666,27662228,ONEIWAHACASOHO,C8E98-73F1F-154A5-2A1D8,0,4419,{68##COMPLETED#0#{2855##01#0##}}]
Pay@Table_log.log,[28-Jan 00:09:15,7,1.0,M,P,28441149,27662234,ONEIWAGAMEDIN,45081-CE84E-D840E-0A7F1,0,2458,{221##COMPLETED#0#{1086##01#0##ICAgICAgICAgICAgIHdhZ2FtYW1hIHVrIGx0ZCAgICAgICAgICAgICAgIyAgICAgICAgICAgICAxIGNhc3RsZSB0ZXJyYWNlICAgICAgICAgICAgICMgICAgICAgICAgICAgICAgZWRpbmJ1cmdoICAgICAgICAgICAgICAgICAjICAgICAgICAgICAgICAgICBlaDEgMmRwICAgICAgICAgICAgICAgICAgIyAgICAgICAgICAgIHRlbDogMDEzMSAyMjkgNTUwNiAgICAgICAgICAgICMgICAgICAgICB2YXQgcmVnOiBnYiA2ODEgNDQ3NSAxNyAgICAgICAgICAjICAgICAgICAgICAgICAgICAxMjcgcm9zZSAgICAgICAgICAgICAgICAgIyAgICAgLS0tLS0tLS0tLS0tLS0tLS0tLS0tLS0tLS0tLS0tLS0gICAgICMgICAgICAgMjIxLzEgICBjICAgMTA4NiAgICAgICBHc3QgMiAgICAgICAjICAgICAgICAgICAgIEphbjI3JzEyIDEwOjExUE0gICAgICAgICAgICAgIyAgICAgLS0tLS0tLS0tLS0tLS0tLS0tLS0tLS0tLS0tLS0tLS0gICAgICMgICAgICAgMSB0aWdlciA2NDBtbCAgICAgICAgICA2Ljc1ICAgICAgICAjICAgICAgIDEgZWFybCBncmV5IHRlYSAgICAgICAgMS41MCAgICAgICAgIyAgICAgICAxIGR1Y2sgZ3lvemEgICAgICAgICAgIDUuNTUgICAgICAgICMgICAgICAgMSBnaW5nZXIgY2hpY2tlbiAgICAgICA4LjcwICAgICAgICAjICAgICAgIDEgY2hpayB0ZXJpIGRvbmJ1ciAgICAgOC44MCAgICAgICAgIyAgICAgICAxIGRlY2FmIGFtZXJpY2FubyAgICAgIDEuODUgICAgICAgICMgICAgICAgIHZpc2EgdGlwICAgICAgICAgICAgIDUuMDAgICAgICAgICAjICAgICAgICAgICBJMDY3NzE2MzAyMDI3MDI2Njg1ICAgICAgICAgICAgIyAgICAgICAgdmlzYSAgICAgICAgICAgICAgICAzOC4xNSAgICAgICAgICMgICAgICAgICAgICAgICAgICAgICAgICAgICAgICAgICAgICAgICAgICAjICAgICAtLS0tLS0tLTEyNyBDaGVjayBDbG9zZWQtLS0tLS0tLSAgICAgIyAgICAgLS0tLS0tLS0tMjdKYW4nMTIgMjM6MDktLS0tLS0tLS0gICAgICM=}}]
Pay@Table_log.log,[28-Jan 00:09:20,2,1.0,M,P,28441182,27662113,ONEIWAHACASOHO,CD680-64EEF-444C4-EB079,0,4559,{5##PENDING#6760#{2774##01#6760##}}]
Pay@Table_log.log,[28-Jan 00:09:45,8,1.0,M,P,24927997,27662116,ONEIWAHACASOHO,13FB8-69944-05458-997BE,0,1312,{103##COMPLETED#0#{2889##01#0##}}]
Pay@Table_log.log,[28-Jan 00:09:47,6,1.0,M,P,24971495,27662175,ONEIPOLLENST,AAEE7-7ED5E-49468-99861,0,1023,{5##PENDING#8437#{5293##01#8437##}}]
Pay@Table_log.log,[28-Jan 00:09:52,3,1.0,M,P,24971387,27662172,ONEIWAGAMAMA,1E7F0-CA2F3-614F8-58D3B,0,290,{800##COMPLETED#0#{6942##01#0##}}]
Pay@Table_log.log,[28-Jan 00:10:08,1,1.0,M,P,28446666,27662228,ONEIWAHACASOHO,C8E98-73F1F-154A5-2A1D8,0,4420,{70##PENDING#1305#{2797##01#1305##}}]
Pay@Table_log.log,[28-Jan 00:10:39,4,1.0,M,P,28441182,27662113,ONEIWAHACASOHO,CD680-64EEF-444C4-EB079,0,4559,{5##COMPLETED#0#{2774##01#0##}}]
Pay@Table_log.log,[28-Jan 00:07:53,9,1.0,M,P,28441149,27662234,ONEIWAGAMEDIN,45081-CE84E-D840E-0A7F1,0,2457,{122##COMPLETED#0#{1087##01#0##ICAgICAgICAgICAgIHdhZ2FtYW1hIHVrIGx0ZCAgICAgICAgICAgICAgIyAgICAgICAgICAgICAxIGNhc3RsZSB0ZXJyYWNlICAgICAgICAgICAgICMgICAgICAgICAgICAgICAgZWRpbmJ1cmdoICAgICAgICAgICAgICAgICAjICAgICAgICAgICAgICAgICBlaDEgMmRwICAgICAgICAgICAgICAgICAgIyAgICAgICAgICAgIHRlbDogMDEzMSAyMjkgNTUwNiAgICAgICAgICAgICMgICAgICAgICB2YXQgcmVnOiBnYiA2ODEgNDQ3NSAxNyAgICAgICAgICAjICAgICAgICAgICAgICAgICAxMjcgcm9zZSAgICAgICAgICAgICAgICAgIyAgICAgLS0tLS0tLS0tLS0tLS0tLS0tLS0tLS0tLS0tLS0tLS0gICAgICMgICAgICAgMTIyLzEgICBjICAgMTA4NyAgICAgICBHc3QgMiAgICAgICAjICAgICAgICAgICAgIEphbjI3JzEyIDEwOjI4UE0gICAgICAgICAgICAgIyAgICAgLS0tLS0tLS0tLS0tLS0tLS0tLS0tLS0tLS0tLS0tLS0gICAgICMgICAgICAgMSB0aWdlciA2NDBtbCAgICAgICAgICA2Ljc1ICAgICAgICAjICAgICAgIDEgcGlub3QgZyAyNTBtbCAgICAgICAgNi4xMCAgICAgICAgIyAgICAgICAxIGR1Y2sgZ3lvemEgICAgICAgICAgIDUuNTUgICAgICAgICMgICAgICAgMSBjaGljayByYWlzdWthcmVlICAgICA5Ljk1ICAgICAgICAjICAgICAgIDEgbWFuZGFyaW5lIGNoaWNrICAgICAgOS4zMCAgICAgICAgIyAgICAgICAgICAgSTk1NDMxNjMwMjAyNzAyNjY4MyAgICAgICAgICAgICMgICAgICAgIHZpc2EgICAgICAgICAgICAgICAgMzcuNjUgICAgICAgICAjICAgICAgICAgICAgICAgICAgICAgICAgICAgICAgICAgICAgICAgICAgIyAgICAgLS0tLS0tLS0xMjcgQ2hlY2sgQ2xvc2VkLS0tLS0tLS0gICAgICMgICAgIC0tLS0tLS0tLTI3SmFuJzEyIDIzOjA3LS0tLS0tLS0tICAgICAj}}]
Pay@Table_log.log,[28-Jan 00:08:04,4,1.0,M,P,24927951,27662144,ONEINTLTHEATRSB,49F13-FBED4-FE430-2A593,0,946,{8##COMPLETED#0#{8080##01#0##}}]
Pay@Table_log.log,[28-Jan 00:08:22,0,1.0,M,P,27722824,27662128,ONEIPIZEASTPOR,34D5A-A4C2F-F14A4-3BA1D,0,4186,{77##COMPLETED#0#{5568##01#0##}}]
Pay@Table_log.log,[28-Jan 00:08:31,6,1.0,M,P,28446666,27662228,ONEIWAHACASOHO,C8E98-73F1F-154A5-2A1D8,0,4419,{68##COMPLETED#0#{2855##01#0##}}]
Pay@Table_log.log,[28-Jan 00:09:15,7,1.0,M,P,28441149,27662234,ONEIWAGAMEDIN,45081-CE84E-D840E-0A7F1,0,2458,{221##COMPLETED#0#{1086##01#0##ICAgICAgICAgICAgIHdhZ2FtYW1hIHVrIGx0ZCAgICAgICAgICAgICAgIyAgICAgICAgICAgICAxIGNhc3RsZSB0ZXJyYWNlICAgICAgICAgICAgICMgICAgICAgICAgICAgICAgZWRpbmJ1cmdoICAgICAgICAgICAgICAgICAjICAgICAgICAgICAgICAgICBlaDEgMmRwICAgICAgICAgICAgICAgICAgIyAgICAgICAgICAgIHRlbDogMDEzMSAyMjkgNTUwNiAgICAgICAgICAgICMgICAgICAgICB2YXQgcmVnOiBnYiA2ODEgNDQ3NSAxNyAgICAgICAgICAjICAgICAgICAgICAgICAgICAxMjcgcm9zZSAgICAgICAgICAgICAgICAgIyAgICAgLS0tLS0tLS0tLS0tLS0tLS0tLS0tLS0tLS0tLS0tLS0gICAgICMgICAgICAgMjIxLzEgICBjICAgMTA4NiAgICAgICBHc3QgMiAgICAgICAjICAgICAgICAgICAgIEphbjI3JzEyIDEwOjExUE0gICAgICAgICAgICAgIyAgICAgLS0tLS0tLS0tLS0tLS0tLS0tLS0tLS0tLS0tLS0tLS0gICAgICMgICAgICAgMSB0aWdlciA2NDBtbCAgICAgICAgICA2Ljc1ICAgICAgICAjICAgICAgIDEgZWFybCBncmV5IHRlYSAgICAgICAgMS41MCAgICAgICAgIyAgICAgICAxIGR1Y2sgZ3lvemEgICAgICAgICAgIDUuNTUgICAgICAgICMgICAgICAgMSBnaW5nZXIgY2hpY2tlbiAgICAgICA4LjcwICAgICAgICAjICAgICAgIDEgY2hpayB0ZXJpIGRvbmJ1ciAgICAgOC44MCAgICAgICAgIyAgICAgICAxIGRlY2FmIGFtZXJpY2FubyAgICAgIDEuODUgICAgICAgICMgICAgICAgIHZpc2EgdGlwICAgICAgICAgICAgIDUuMDAgICAgICAgICAjICAgICAgICAgICBJMDY3NzE2MzAyMDI3MDI2Njg1ICAgICAgICAgICAgIyAgICAgICAgdmlzYSAgICAgICAgICAgICAgICAzOC4xNSAgICAgICAgICMgICAgICAgICAgICAgICAgICAgICAgICAgICAgICAgICAgICAgICAgICAjICAgICAtLS0tLS0tLTEyNyBDaGVjayBDbG9zZWQtLS0tLS0tLSAgICAgIyAgICAgLS0tLS0tLS0tMjdKYW4nMTIgMjM6MDktLS0tLS0tLS0gICAgICM=}}]
Pay@Table_log.log,[28-Jan 00:09:20,2,1.0,M,P,28441182,27662113,ONEIWAHACASOHO,CD680-64EEF-444C4-EB079,0,4559,{5##PENDING#6760#{2774##01#6760##}}]
Pay@Table_log.log,[28-Jan 00:09:45,8,1.0,M,P,24927997,27662116,ONEIWAHACASOHO,13FB8-69944-05458-997BE,0,1312,{103##COMPLETED#0#{2889##01#0##}}]
Pay@Table_log.log,[28-Jan 00:09:47,6,1.0,M,P,24971495,27662175,ONEIPOLLENST,AAEE7-7ED5E-49468-99861,0,1023,{5##PENDING#8437#{5293##01#8437##}}]
Pay@Table_log.log,[28-Jan 00:09:52,3,1.0,M,P,24971387,27662172,ONEIWAGAMAMA,1E7F0-CA2F3-614F8-58D3B,0,290,{800##COMPLETED#0#{6942##01#0##}}]
Pay@Table_log.log,[28-Jan 00:10:08,1,1.0,M,P,28446666,27662228,ONEIWAHACASOHO,C8E98-73F1F-154A5-2A1D8,0,4420,{70##PENDING#1305#{2797##01#1305##}}]

